source,n_rows,suspicious_frac
sms,270,0.35185185185185186
mail,13,0.8461538461538461
